{
  "algorithm": {
    "byte_semantics": "SP800-232_little_endian",
    "candidate_encoding": "candidate=key_uint32_word0_bytes_0_to_3_little_endian; outer_bits=low_bits_of_key_uint32_word1",
    "filter_bits": 384,
    "iv_hex_as_uint64": "00001000808c0001",
    "key_bits": 128,
    "legacy_submission_endian_semantics": false,
    "name": "Ascon-AEAD128",
    "nonce_bits": 128,
    "permutation_rounds_initial_final": 12,
    "permutation_rounds_intermediate": 8,
    "qualification_associated_data_bytes": 17,
    "qualification_message_bytes": 32,
    "rate_bits": 128,
    "standard": "NIST_SP_800-232_August_2025",
    "tag_bits": 128
  },
  "attempt_id": "A255",
  "benchmark": {
    "candidate_count_per_repeat": 67108864,
    "launch_gate_uses_end_to_end_wall_throughput": true,
    "maximum_candidate_invocations_permitted": 202375168,
    "maximum_candidates_per_second": 203599114.35702506,
    "maximum_gpu_candidates_per_second": 203933964.13586578,
    "median_candidates_per_second": 200210941.57245094,
    "median_gpu_candidates_per_second": 200585378.7810098,
    "minimum_candidates_per_second": 200088221.24233952,
    "minimum_gpu_candidates_per_second": 200559302.02299905,
    "projected_complete_domain_seconds": {
      "32": 21.452210664749146,
      "33": 42.90442132949829,
      "34": 85.80884265899658,
      "35": 171.61768531799316,
      "36": 343.2353706359863,
      "37": 686.4707412719727,
      "38": 1372.9414825439453,
      "39": 2745.8829650878906,
      "40": 5491.765930175781,
      "41": 10983.531860351562,
      "42": 21967.063720703125,
      "43": 43934.12744140625,
      "44": 87868.2548828125,
      "45": 175736.509765625,
      "46": 351473.01953125,
      "47": 702946.0390625,
      "48": 1405892.078125,
      "49": 2811784.15625,
      "50": 5623568.3125,
      "51": 11247136.625,
      "52": 22494273.25,
      "53": 44988546.5,
      "54": 89977093.0,
      "55": 179954186.0,
      "56": 359908372.0,
      "57": 719816744.0,
      "58": 1439633488.0,
      "59": 2879266976.0,
      "60": 5758533952.0,
      "61": 11517067904.0,
      "62": 23034135808.0,
      "63": 46068271616.0,
      "64": 92136543232.0
    },
    "projected_complete_domain_seconds_at_minimum": {
      "32": 21.4653679728508,
      "33": 42.9307359457016,
      "34": 85.8614718914032,
      "35": 171.7229437828064,
      "36": 343.4458875656128,
      "37": 686.8917751312256,
      "38": 1373.7835502624512,
      "39": 2747.5671005249023,
      "40": 5495.134201049805,
      "41": 10990.26840209961,
      "42": 21980.53680419922,
      "43": 43961.07360839844,
      "44": 87922.14721679688,
      "45": 175844.29443359375,
      "46": 351688.5888671875,
      "47": 703377.177734375,
      "48": 1406754.35546875,
      "49": 2813508.7109375,
      "50": 5627017.421875,
      "51": 11254034.84375,
      "52": 22508069.6875,
      "53": 45016139.375,
      "54": 90032278.75,
      "55": 180064557.5,
      "56": 360129115.0,
      "57": 720258230.0,
      "58": 1440516460.0,
      "59": 2881032920.0,
      "60": 5762065840.0,
      "61": 11524131680.0,
      "62": 23048263360.0,
      "63": 46096526720.0,
      "64": 92193053440.0
    },
    "recommended_stream_candidate_count": 1073741824,
    "recommended_stream_target_seconds_at_minimum": 5.3663419932127,
    "repeats": 3,
    "samples": [
      {
        "candidate_count": 67108864,
        "control_matches": [],
        "end_to_end_candidates_per_second": 203599114.35702506,
        "end_to_end_wall_seconds": 0.32961275009438396,
        "factual_matches": [
          33554432
        ],
        "gpu_candidates_per_second": 203933964.13586578,
        "gpu_seconds": 0.32907154178246856
      },
      {
        "candidate_count": 67108864,
        "control_matches": [],
        "end_to_end_candidates_per_second": 200088221.24233952,
        "end_to_end_wall_seconds": 0.33539637457579374,
        "factual_matches": [
          33554432
        ],
        "gpu_candidates_per_second": 200559302.02299905,
        "gpu_seconds": 0.3346085837110877
      },
      {
        "candidate_count": 67108864,
        "control_matches": [],
        "end_to_end_candidates_per_second": 200210941.57245094,
        "end_to_end_wall_seconds": 0.3351907916367054,
        "factual_matches": [
          33554432
        ],
        "gpu_candidates_per_second": 200585378.7810098,
        "gpu_seconds": 0.33456508349627256
      }
    ],
    "timed_relation_compares_full_32_byte_ciphertext_and_16_byte_tag": true,
    "volatile_performance_only_not_a_recovery_success_rule": true,
    "warmup_candidate_count": 1048576,
    "warmup_factual_matches": []
  },
  "boundary_mapping_gate": {
    "candidate_encoding": "assignment=(outer_key_word1_low_bits<<32)|candidate_key_word0; all key words and candidate bytes are little-endian",
    "complete_ciphertext_and_tag_checked": true,
    "exact_boundary_identity": true,
    "outer_word_boundaries_checked": [
      "0x00000000",
      "0x00000001",
      "0x80000000",
      "0xffffffff"
    ],
    "rows": [
      {
        "candidate_count": 2,
        "exact_cpu_metal_filter_identity": true,
        "first_low32_candidate": 0,
        "label": "low32_zero_boundary",
        "outer_key_word1": 0,
        "outputs_sha256": "109bac2c89651276d42a8fc7137880906b480959dc2c18fa7c71efb77fced060",
        "target_combined_low64_assignment": 1,
        "target_low32_candidate": 1
      },
      {
        "candidate_count": 4,
        "exact_cpu_metal_filter_identity": true,
        "first_low32_candidate": 65534,
        "label": "low16_carry_boundary",
        "outer_key_word1": 0,
        "outputs_sha256": "937d8218b7d980048dd4b4332bd809b982a43122f683c00740dabce3c426c927",
        "target_combined_low64_assignment": 65536,
        "target_low32_candidate": 65536
      },
      {
        "candidate_count": 4,
        "exact_cpu_metal_filter_identity": true,
        "first_low32_candidate": 2147483646,
        "label": "low32_sign_boundary",
        "outer_key_word1": 0,
        "outputs_sha256": "e1048ed48eb55f7b29e862ad206c63c31b195915a3aa6abf53b32f8ff4d17417",
        "target_combined_low64_assignment": 2147483648,
        "target_low32_candidate": 2147483648
      },
      {
        "candidate_count": 4,
        "exact_cpu_metal_filter_identity": true,
        "first_low32_candidate": 4294967292,
        "label": "low32_terminal_boundary",
        "outer_key_word1": 0,
        "outputs_sha256": "a601af682526bccc5bb5cc79a7277f0c42ea2e8b6ad12efa0ef5006ffd997910",
        "target_combined_low64_assignment": 4294967295,
        "target_low32_candidate": 4294967295
      },
      {
        "candidate_count": 2,
        "exact_cpu_metal_filter_identity": true,
        "first_low32_candidate": 0,
        "label": "outer_bit_zero_to_one_boundary",
        "outer_key_word1": 1,
        "outputs_sha256": "2c701217f2b549789233e9cff86c90c8f3cedad44383604d2b95e3d3f6a56e5c",
        "target_combined_low64_assignment": 4294967296,
        "target_low32_candidate": 0
      },
      {
        "candidate_count": 2,
        "exact_cpu_metal_filter_identity": true,
        "first_low32_candidate": 0,
        "label": "outer_word_high_bit_boundary",
        "outer_key_word1": 2147483648,
        "outputs_sha256": "b6e0aeaaec9f32de6c67980b92937f3cda72336a9150901b63cca93bf77b8c65",
        "target_combined_low64_assignment": 9223372036854775809,
        "target_low32_candidate": 1
      },
      {
        "candidate_count": 2,
        "exact_cpu_metal_filter_identity": true,
        "first_low32_candidate": 4294967294,
        "label": "full_low64_terminal_boundary",
        "outer_key_word1": 4294967295,
        "outputs_sha256": "53c682676a49b5d3c045b2ab00295d907c5022cf6074d719bcc901b939c77f98",
        "target_combined_low64_assignment": 18446744073709551614,
        "target_low32_candidate": 4294967294
      }
    ],