{
  "algorithm": {
    "complete_standard_round_count": true,
    "compression_rounds_per_message_word": 2,
    "filter_bits": 128,
    "finalization_rounds": 4,
    "key_bits": 128,
    "message_bytes_each": 8,
    "messages": 2,
    "name": "SipHash-2-4"
  },
  "anchors": {
    "complete_domain_engine_sha256": "901eef29125197c69ccf47e7acc4935de61ebadb2b45b2d8502e7a4dd21a2c4e",
    "family_framework_sha256": "107e400039176ef1ab6e400677f55b7148c9342571be4f0822aaf33bc2e2d7ee",
    "native_source_sha256": "fb96e8d225bf4cbc2f854b1d15f783124a010f6139fcabbbd59b6285fb7c2c5f",
    "qualification_source_sha256": "bdfc398fd951ed4bb45a87f74472d5f76a5971bd516396a915a33ea45af0660b"
  },
  "attempt_id": "SIPKR1",
  "benchmark": {
    "budget_seconds": 10800.0,
    "candidate_count_per_repetition": 33554432,
    "candidates_per_gpu_second": [
      1116573586.3905983,
      1777847766.6387086,
      2208769667.409608
    ],
    "gpu_seconds": [
      0.030051250010728836,
      0.018873624969273806,
      0.0151914581656456
    ],
    "median_candidates_per_gpu_second": 1777847766.6387086,
    "minimum_candidates_per_gpu_second": 1116573586.3905983,
    "repetitions": 3,
    "safety_factor": 1.25
  },
  "evidence_stage": "FULLROUND_SIPHASH24_METAL_QUALIFIED",
  "metal_identity": {
    "metal": {
      "algorithms": [
        "tea",
        "xtea",
        "siphash24"
      ],
      "blocks_execution_width": 32,
      "blocks_max_threads_per_group": 1024,
      "device": "Apple M4",
      "filter_execution_width": 32,
      "filter_max_threads_per_group": 1024,
      "output_words_compared": 4,
      "plaintext_blocks": 2,
      "recommended_max_working_set_bytes": 12713115648,
      "shader_runtime_compiled": true,
      "tea_cycles": 32,
      "tea_feistel_updates": 64
    },
    "op": "ready",
    "version": "tea-metal-native-v1"
  },
  "metal_mapping_gate": {
    "outer_mask": 2047,
    "rows": [
      {
        "assignment": 0,
        "exact": true,
        "output_sha256": "39af20cd838363f058451c3797d736046af72218cdb60365466ece7a3c74d4ad"
      },
      {
        "assignment": 1,
        "exact": true,
        "output_sha256": "d3698a9eac724298654a63983b04ac8a73c6f5a7597ed9317e8df813106feddf"
      },
      {
        "assignment": 4294967295,
        "exact": true,
        "output_sha256": "68cd7a474183abc4a3fea078de9d38db2c9b7cb11ecfe63d60b554f2df4dedb4"
      },
      {
        "assignment": 4294967296,
        "exact": true,
        "output_sha256": "7df76523943012d6939821edb0fce192451a1198ace0b27d9f4850aca06fb2fc"
      },
      {
        "assignment": 8796093022207,
        "exact": true,
        "output_sha256": "ef8cbfae532774f4604e6ecfcf4e51bd4618fda7e738eeb472bc4ae77b8f52e9"
      }
    ],
    "scalar_numpy_metal_exact": true,
    "width": 43
  },
  "native_build": {
    "compiler_version": "Apple Swift version 6.3.2 (swiftlang-6.3.2.1.108 clang-2100.1.1.101)",
    "executable_sha256": "3e551be49a23a69e296f3cbca2c78ba49bceb35d26a77a495c005ef059b7712a",
    "flags": [
      "-O",
      "-whole-module-optimization",
      "-warnings-as-errors"
    ],
    "source_sha256": "fb96e8d225bf4cbc2f854b1d15f783124a010f6139fcabbbd59b6285fb7c2c5f"
  },
  "official_reference_gate": {
    "all_exact": true,
    "cross_reference_rows": [
      {
        "case": 0,
        "key_words": [
          270544960,
          865598559,
          1460652158,
          2055705757
        ],
        "message_words": [
          2309737967,
          1985229328
        ],
        "output_words": [
          2558205905,
          663034761
        ],
        "scalar_numpy_exact": true
      },
      {
        "case": 1,
        "key_words": [
          541089920,
          1136143519,
          1731197118,
          2326250717
        ],
        "message_words": [
          2292894958,
          2002138388
        ],
        "output_words": [
          812822073,
          3995773877
        ],
        "scalar_numpy_exact": true
      },
      {
        "case": 2,
        "key_words": [
          811634880,
          1406688479,
          2001742078,
          2596795677
        ],
        "message_words": [
          2343161837,
          2019047448
        ],
        "output_words": [
          2653087888,
          3410699933
        ],
        "scalar_numpy_exact": true
      },
      {
        "case": 3,
        "key_words": [
          1082179840,
          1677233439,
          2272287038,
          2867340637
        ],
        "message_words": [
          2326318828,
          2035956508
        ],
        "output_words": [
          4056927053,
          2843186231
        ],
        "scalar_numpy_exact": true
      },
      {
        "case": 4,
        "key_words": [
          1352724800,
          1947778399,
          2542831998,
          3137885597
        ],
        "message_words": [
          2377107947,
          2052865568
        ],
        "output_words": [
          3943727821,
          1530970026
        ],
        "scalar_numpy_exact": true
      },
      {
        "case": 5,
        "key_words": [
          1623269760,
          2218323359,
          2813376958,
          3408430557
        ],
        "message_words": [
          2360264938,
          2069774628
        ],
        "output_words": [
          3099183101,
          4190468896
        ],
        "scalar_numpy_exact": true
      },
      {
        "case": 6,
        "key_words": [
          1893814720,
          2488868319,
          3083921918,
          3678975517
        ],
        "message_words": [
          2410531817,
          2086683688
        ],
        "output_words": [
          2008999618,
          2931965038
        ],
        "scalar_numpy_exact": true
      },
      {
        "case": 7,
        "key_words": [
          2164359680,
          2759413279,
          3354466878,
          3949520477
        ],
        "message_words": [
          2393688808,
          2103592748
        ],
        "output_words": [
          1210277196,
          4184595044
        ],
        "scalar_numpy_exact": true
      }
    ],
    "official_empty_expected_uint64": 8246050544436514353,
    "official_empty_observed_uint64": 8246050544436514353,
    "official_length8_expected_uint64": 10661697595502699618,
    "official_length8_observed_uint64": 10661697595502699618,
    "official_vectors_exact": true,
    "reference": "SipHash reference vectors for key bytes 00..0f"
  },
  "schema": "siphash24-metal-qualification-v1",
  "selection": {
    "eligible_widths": [
      36,
      37,
      38,
      39,
      40,
      41,
      42,
      43
    ],
    "production_challenge_generated": false,
    "projected_seconds_at_minimum_throughput": 7877.754882812499,
    "selected_width": 43
  }
}
